"Symbol","Price","Type","Description","Quantity","Commission","Amount","Date"
"IBIT250411P00045000","0.42","Trade","IBIT Apr 11, 2025 $45.00 Put",-1,"0.00","41.86","Mar 25, 2025"
"IBIT","50.11","Trade","IBIT",2,"0.00","-100.23","Mar 25, 2025"
"IBIT250404P00046500","0.41","Trade","IBIT Apr 04, 2025 $46.50 Put",-1,"0.00","40.86","Mar 25, 2025"
"IBIT250404P00046500","0.42","Trade","IBIT Apr 04, 2025 $46.50 Put",-1,"0.00","41.86","Mar 25, 2025"
"IBIT250411C00057500","0.22","Trade","IBIT Apr 11, 2025 $57.50 Call",-1,"0.00","21.86","Mar 25, 2025"
"IBIT250411C00057500","0.21","Trade","IBIT Apr 11, 2025 $57.50 Call",-1,"0.00","20.86","Mar 25, 2025"
"CAT250328P00340000","3.28","Trade","CAT Mar 28, 2025 $340.00 Put",1,"0.00","-328.12","Mar 24, 2025"
"CAT250328P00340000","3.49","Trade","CAT Mar 28, 2025 $340.00 Put",1,"0.00","-349.12","Mar 24, 2025"
"IBIT250425C00057500","0.72","Trade","IBIT Apr 25, 2025 $57.50 Call",-1,"0.00","71.86","Mar 24, 2025"
"FXI250411P00034500","0.21","Trade","FXI Apr 11, 2025 $34.50 Put",-1,"0.00","20.86","Mar 24, 2025"
"CAT250328P00330000","0.90","Trade","CAT Mar 28, 2025 $330.00 Put",-1,"0.00","89.86","Mar 24, 2025"
"CAT250328P00330000","0.99","Trade","CAT Mar 28, 2025 $330.00 Put",-1,"0.00","98.86","Mar 24, 2025"
"IBIT250425C00057000","0.76","Trade","IBIT Apr 25, 2025 $57.00 Call",-1,"0.00","75.86","Mar 24, 2025"
"IBIT250417C00057000","0.45","Trade","IBIT Apr 17, 2025 $57.00 Call",2,"0.00","-90.24","Mar 24, 2025"
"ANET250411P00077000","0.49","Trade","ANET Apr 11, 2025 $77.00 Put",1,"0.00","-49.12","Mar 24, 2025"
"IBIT250404C00057000","0.14","Trade","IBIT Apr 04, 2025 $57.00 Call",-1,"0.00","13.86","Mar 24, 2025"
"IBIT250425C00057000","0.71","Trade","IBIT Apr 25, 2025 $57.00 Call",1,"0.00","-71.12","Mar 24, 2025"
"IBIT","50.22","Trade","IBIT",1,"0.00","-50.23","Mar 24, 2025"
,,"Option","GLD250321P00261000",1,,"0.00","Mar 21, 2025"
,,"Option","IBIT250321C00058000",2,,"0.00","Mar 21, 2025"
,,"Option","IBIT250321P00047000",1,,"0.00","Mar 21, 2025"
,,"Option","IBIT250321P00046000",1,,"0.00","Mar 21, 2025"
,,"Option","GLD250321P00260000",-1,,"0.00","Mar 21, 2025"
,,"Option","DOW250321C00040000",1,,"0.00","Mar 21, 2025"
,,"Option","F250321P00008850",2,,"0.00","Mar 21, 2025"
"DOCU250417P00082500","1.74","Trade","DOCU Apr 17, 2025 $82.50 Put",1,"0.00","-174.12","Mar 20, 2025"
"SLV250411C00030000","1.02","Trade","SLV Apr 11, 2025 $30.00 Call",1,"0.00","-102.12","Mar 20, 2025"
"DOCU250417P00080000","1.09","Trade","DOCU Apr 17, 2025 $80.00 Put",-1,"0.00","108.86","Mar 20, 2025"
"MARA250321P00013500","0.87","Trade","MARA Mar 21, 2025 $13.50 Put",1,"0.00","-87.12","Mar 20, 2025"
"MSFT250919P00400000","30.32","Trade","MSFT Sep 19, 2025 $400.00 Put",1,"0.00","-3032.12","Mar 20, 2025"
"MARA250411P00013500","1.55","Trade","MARA Apr 11, 2025 $13.50 Put",-1,"0.00","154.86","Mar 20, 2025"
"IBIT250321P00047000","0.16","Trade","IBIT Mar 21, 2025 $47.00 Put",-1,"0.00","15.86","Mar 20, 2025"
"SLV250404C00031000","0.41","Trade","SLV Apr 04, 2025 $31.00 Call",-1,"0.00","40.86","Mar 20, 2025"
"MARA250321P00013000","0.45","Trade","MARA Mar 21, 2025 $13.00 Put",-1,"0.00","44.86","Mar 20, 2025"
"IBIT250328P00046000","0.55","Trade","IBIT Mar 28, 2025 $46.00 Put",-1,"0.00","54.86","Mar 20, 2025"
"MSFT251017P00400000","31.59","Trade","MSFT Oct 17, 2025 $400.00 Put",-1,"0.00","3158.78","Mar 20, 2025"
"IBIT250417C00057000","0.55","Trade","IBIT Apr 17, 2025 $57.00 Call",-1,"0.00","54.86","Mar 20, 2025"
"IBIT250417C00057000","0.55","Trade","IBIT Apr 17, 2025 $57.00 Call",-1,"0.00","54.86","Mar 20, 2025"
"F250404P00009850","0.21","Trade","F Apr 04, 2025 $9.85 Put",-1,"0.00","20.86","Mar 20, 2025"
"F250404P00009850","0.21","Trade","F Apr 04, 2025 $9.85 Put",-1,"0.00","20.86","Mar 20, 2025"
"SPXW250319C05680000","17.20","Trade","SPXW Mar 19, 2025 $5,680.00 Call",-1,"0.00","1719.28","Mar 19, 2025"
"SPXW250319P05695000","12.75","Trade","SPXW Mar 19, 2025 $5,695.00 Put",-1,"0.00","1274.28","Mar 19, 2025"
"SPXW250319C05695000","5.22","Trade","SPXW Mar 19, 2025 $5,695.00 Call",1,"0.70","-523.42","Mar 19, 2025"
"SPXW250319P05715000","11.70","Trade","SPXW Mar 19, 2025 $5,715.00 Put",-1,"0.00","1169.28","Mar 19, 2025"
"SPXW250319C05690000","7.17","Trade","SPXW Mar 19, 2025 $5,690.00 Call",-1,"0.00","716.28","Mar 19, 2025"
"SPXW250319C05680000","10.08","Trade","SPXW Mar 19, 2025 $5,680.00 Call",1,"0.70","-1009.42","Mar 19, 2025"
"SPXW250319P05690000","10.25","Trade","SPXW Mar 19, 2025 $5,690.00 Put",1,"0.70","-1026.42","Mar 19, 2025"
"SPXW250319P05715000","15.38","Trade","SPXW Mar 19, 2025 $5,715.00 Put",1,"0.70","-1539.42","Mar 19, 2025"
"SPXW250319P05695000","11.34","Trade","SPXW Mar 19, 2025 $5,695.00 Put",1,"0.70","-1135.42","Mar 19, 2025"
"SPXW250319C05695000","3.60","Trade","SPXW Mar 19, 2025 $5,695.00 Call",-1,"0.00","359.28","Mar 19, 2025"
"SPXW250319C05675000","12.48","Trade","SPXW Mar 19, 2025 $5,675.00 Call",-1,"0.00","1247.28","Mar 19, 2025"
"SPXW250319P05690000","9.04","Trade","SPXW Mar 19, 2025 $5,690.00 Put",-1,"0.00","903.28","Mar 19, 2025"
"SPXW250319P05710000","9.25","Trade","SPXW Mar 19, 2025 $5,710.00 Put",1,"0.70","-926.42","Mar 19, 2025"
"SPXW250319C05690000","5.10","Trade","SPXW Mar 19, 2025 $5,690.00 Call",1,"0.70","-511.42","Mar 19, 2025"
"SPXW250319P05710000","12.23","Trade","SPXW Mar 19, 2025 $5,710.00 Put",-1,"0.00","1222.28","Mar 19, 2025"
"SPXW250319C05675000","20.75","Trade","SPXW Mar 19, 2025 $5,675.00 Call",1,"0.70","-2076.42","Mar 19, 2025"
,,"Ach","ACH DEPOSIT",0,,"995.00","Mar 18, 2025"
"RIOT250321P00008000","0.46","Trade","RIOT Mar 21, 2025 $8.00 Put",1,"0.00","-46.12","Mar 17, 2025"
"CAT250328P00330000","3.26","Trade","CAT Mar 28, 2025 $330.00 Put",2,"0.00","-652.24","Mar 17, 2025"
"BAC250328P00039000","0.18","Trade","BAC Mar 28, 2025 $39.00 Put",-1,"0.00","17.86","Mar 17, 2025"
"IBIT250328P00046500","1.13","Trade","IBIT Mar 28, 2025 $46.50 Put",-1,"0.00","112.86","Mar 17, 2025"
"CAT250328P00340000","6.63","Trade","CAT Mar 28, 2025 $340.00 Put",-2,"0.00","1325.71","Mar 17, 2025"
"CAT250321P00330000","1.47","Trade","CAT Mar 21, 2025 $330.00 Put",-2,"0.00","293.74","Mar 17, 2025"
"DOCU250417P00082500","2.87","Trade","DOCU Apr 17, 2025 $82.50 Put",-1,"0.00","286.86","Mar 17, 2025"
"BAC250328P00040000","0.35","Trade","BAC Mar 28, 2025 $40.00 Put",1,"0.00","-35.12","Mar 17, 2025"
"CAT250321P00340000","4.44","Trade","CAT Mar 21, 2025 $340.00 Put",2,"0.00","-888.24","Mar 17, 2025"
"RIOT250328P00008000","0.60","Trade","RIOT Mar 28, 2025 $8.00 Put",-1,"0.00","59.86","Mar 17, 2025"
"DOCU250417P00080000","1.97","Trade","DOCU Apr 17, 2025 $80.00 Put",1,"0.00","-197.12","Mar 17, 2025"
,,"Interest","FROM 02/16 THRU 03/15 @ 9 1/2%",0,,"-4.73","Mar 17, 2025"
"SPXW250314C05625000","6.57","Trade","SPXW Mar 14, 2025 $5,625.00 Call",-1,"0.00","656.28","Mar 14, 2025"
"SPXW250314P05410000","0.57","Trade","SPXW Mar 14, 2025 $5,410.00 Put",1,"0.00","-57.72","Mar 14, 2025"
"SPXW250314P05595000","22.88","Trade","SPXW Mar 14, 2025 $5,595.00 Put",1,"0.70","-2289.42","Mar 14, 2025"
"SPXW250314P05590000","20.88","Trade","SPXW Mar 14, 2025 $5,590.00 Put",-1,"0.00","2087.28","Mar 14, 2025"
"SPXW250314P05400000","0.47","Trade","SPXW Mar 14, 2025 $5,400.00 Put",-1,"0.00","46.28","Mar 14, 2025"
"ANET250411P00077000","1.95","Trade","ANET Apr 11, 2025 $77.00 Put",-1,"0.00","194.86","Mar 14, 2025"
"SPXW250314P05595000","25.40","Trade","SPXW Mar 14, 2025 $5,595.00 Put",-1,"0.00","2539.28","Mar 14, 2025"
"SPXW250314P05590000","23.20","Trade","SPXW Mar 14, 2025 $5,590.00 Put",1,"0.70","-2321.42","Mar 14, 2025"
"SPXW250314C05615000","9.17","Trade","SPXW Mar 14, 2025 $5,615.00 Call",1,"1.40","-919.12","Mar 14, 2025"
,,"Option","IBIT250314C00057000",2,,"0.00","Mar 14, 2025"
,,"Option","F250314P00008350",2,,"0.00","Mar 14, 2025"
"SLV250321C00030000","0.98","Trade","SLV Mar 21, 2025 $30.00 Call",1,"0.00","-98.12","Mar 13, 2025"
"BAC250314P00039500","0.43","Trade","BAC Mar 14, 2025 $39.50 Put",-1,"0.00","42.86","Mar 13, 2025"
"BAC250328P00039000","0.91","Trade","BAC Mar 28, 2025 $39.00 Put",1,"0.00","-91.12","Mar 13, 2025"
"SPXW250314C05625000","3.51","Trade","SPXW Mar 14, 2025 $5,625.00 Call",1,"0.00","-351.72","Mar 13, 2025"
"SPXW250314P05410000","2.88","Trade","SPXW Mar 14, 2025 $5,410.00 Put",-1,"0.00","287.28","Mar 13, 2025"
"BAC250328P00040000","1.37","Trade","BAC Mar 28, 2025 $40.00 Put",-1,"0.00","136.86","Mar 13, 2025"
"SLV250411C00030000","1.36","Trade","SLV Apr 11, 2025 $30.00 Call",-1,"0.00","135.86","Mar 13, 2025"
"BAC250314P00040000","0.75","Trade","BAC Mar 14, 2025 $40.00 Put",1,"0.00","-75.12","Mar 13, 2025"
"SPXW250314C05615000","4.73","Trade","SPXW Mar 14, 2025 $5,615.00 Call",-1,"0.00","472.28","Mar 13, 2025"
"SPXW250314P05400000","2.25","Trade","SPXW Mar 14, 2025 $5,400.00 Put",1,"1.40","-227.12","Mar 13, 2025"
"GOOGL","165.16","Trade","GOOGL",-100,"0.00","16515.51","Mar 11, 2025"
"GOOGL250328P00190000","24.84","Trade","GOOGL Mar 28, 2025 $190.00 Put",-1,"0.00","2483.80","Mar 11, 2025"
"PEP250919P00150000","5.68","Trade","PEP Sep 19, 2025 $150.00 Put",1,"0.00","-568.12","Mar 10, 2025"
"GOOGL","195.00","Trade","GOOGL",100,"5.00","-19505.00","Mar 10, 2025"
"PEP250919P00145000","4.21","Trade","PEP Sep 19, 2025 $145.00 Put",-1,"0.00","420.85","Mar 10, 2025"
,,"Option","GOOGL250328P00195000",1,,"0.00","Mar 10, 2025"
"RIOT250321P00008000","0.48","Trade","RIOT Mar 21, 2025 $8.00 Put",-1,"0.00","47.86","Mar 07, 2025"
"BAC250314P00040000","0.42","Trade","BAC Mar 14, 2025 $40.00 Put",-1,"0.00","41.86","Mar 07, 2025"
"SPX250321C06035000","6.01","Trade","SPX Mar 21, 2025 $6,035.00 Call",1,"1.40","-603.12","Mar 07, 2025"
"BAC250314P00039500","0.31","Trade","BAC Mar 14, 2025 $39.50 Put",1,"0.00","-31.12","Mar 07, 2025"
"SPX250321P05435000","24.34","Trade","SPX Mar 21, 2025 $5,435.00 Put",-1,"0.00","2433.28","Mar 07, 2025"
"SPX250321C06045000","5.10","Trade","SPX Mar 21, 2025 $6,045.00 Call",-1,"0.00","509.28","Mar 07, 2025"
"SPX250321P05445000","25.58","Trade","SPX Mar 21, 2025 $5,445.00 Put",1,"0.00","-2558.72","Mar 07, 2025"
"IBIT250314P00050000","1.14","Trade","IBIT Mar 14, 2025 $50.00 Put",1,"0.00","-114.12","Mar 07, 2025"
"F260116C00009850","1.15","Trade","F Jan 16, 2026 $9.85 Call",-1,"0.00","114.86","Mar 07, 2025"
"F250620P00009670","0.69","Trade","F Jun 20, 2025 $9.67 Put",1,"0.00","-69.12","Mar 07, 2025"
,,"Option","GLD250307P00261000",-1,,"0.00","Mar 07, 2025"
,,"Option","GLD250307P00262000",1,,"0.00","Mar 07, 2025"
,,"Option","IBIT250307C00057000",1,,"0.00","Mar 07, 2025"
,,"Option","F250307P00008850",4,,"0.00","Mar 07, 2025"
"TLT",,"Dividend","ISHARES 20 PLUS YEAR TREASURY",0,,"8.69","Mar 06, 2025"
"TLT",,"Dividend","ISHARES 20 PLUS YEAR TREASURY",0,,"-2.61","Mar 06, 2025"
"SPX250321P05435000","25.63","Trade","SPX Mar 21, 2025 $5,435.00 Put",1,"1.40","-2565.12","Mar 05, 2025"
"SPX250321C06045000","10.29","Trade","SPX Mar 21, 2025 $6,045.00 Call",1,"0.00","-1029.72","Mar 05, 2025"
"SPX250321C06035000","11.34","Trade","SPX Mar 21, 2025 $6,035.00 Call",-1,"0.00","1133.28","Mar 05, 2025"
"SPX250321P05445000","27.08","Trade","SPX Mar 21, 2025 $5,445.00 Put",-1,"0.00","2707.28","Mar 05, 2025"
"SLV250312C00030000","0.29","Trade","SLV Mar 12, 2025 $30.00 Call",1,"0.00","-29.12","Mar 05, 2025"
"DOW250321C00040000","0.16","Trade","DOW Mar 21, 2025 $40.00 Call",-1,"0.00","15.86","Mar 05, 2025"
"SLV250321C00030000","0.50","Trade","SLV Mar 21, 2025 $30.00 Call",-1,"0.00","49.86","Mar 05, 2025"
"MARA250321P00013000","0.46","Trade","MARA Mar 21, 2025 $13.00 Put",1,"0.00","-46.12","Mar 05, 2025"
"MARA250321P00013500","0.60","Trade","MARA Mar 21, 2025 $13.50 Put",-1,"0.00","59.86","Mar 05, 2025"
"PEP250919P00150000","5.82","Trade","PEP Sep 19, 2025 $150.00 Put",1,"0.00","-582.12","Mar 04, 2025"
"PEP250919P00145000","4.33","Trade","PEP Sep 19, 2025 $145.00 Put",-1,"0.00","432.85","Mar 04, 2025"
"DOW","42.00","Trade","DOW",100,"5.00","-4205.00","Mar 04, 2025"
,,"Option","DOW250321P00042000",1,,"0.00","Mar 04, 2025"
,,"Transfer","Mar Pro Subscription",0,,"-10.00","Mar 04, 2025"
"F250620P00009670","0.83","Trade","F Jun 20, 2025 $9.67 Put",-3,"0.00","248.63","Mar 03, 2025"
"IBIT250314C00057000","0.46","Trade","IBIT Mar 14, 2025 $57.00 Call",-1,"0.00","45.86","Mar 03, 2025"
"IBIT250314C00057000","0.47","Trade","IBIT Mar 14, 2025 $57.00 Call",-1,"0.00","46.86","Mar 03, 2025"
"SLV250312C00030000","0.13","Trade","SLV Mar 12, 2025 $30.00 Call",-1,"0.00","12.86","Mar 03, 2025"
"IBIT250328P00046000","0.96","Trade","IBIT Mar 28, 2025 $46.00 Put",-1,"0.00","95.86","Mar 03, 2025"
"IBIT250328P00047000","1.24","Trade","IBIT Mar 28, 2025 $47.00 Put",1,"0.00","-124.12","Mar 03, 2025"
"IBIT250321C00058000","0.59","Trade","IBIT Mar 21, 2025 $58.00 Call",-1,"0.00","58.86","Mar 03, 2025"
"RIOT250314P00007500","0.10","Trade","RIOT Mar 14, 2025 $7.50 Put",1,"0.00","-10.12","Mar 03, 2025"
"F250321P00009850","0.55","Trade","F Mar 21, 2025 $9.85 Put",3,"0.00","-165.35","Mar 03, 2025"
"RIOT250314P00007000","0.04","Trade","RIOT Mar 14, 2025 $7.00 Put",-1,"0.00","3.86","Mar 03, 2025"
"F",,"Dividend","FORD MOTOR CO",0,,"279.00","Mar 03, 2025"
"F",,"Dividend","FORD MOTOR CO",0,,"-83.70","Mar 03, 2025"
"GLD250321P00261000","3.43","Trade","GLD Mar 21, 2025 $261.00 Put",-1,"0.00","342.86","Feb 28, 2025"
"GLD250228P00260000","0.08","Trade","GLD Feb 28, 2025 $260.00 Put",-1,"0.00","7.86","Feb 28, 2025"
"GLD250307P00260000","1.24","Trade","GLD Mar 07, 2025 $260.00 Put",1,"0.00","-124.12","Feb 28, 2025"
"DOW250321P00042000","4.01","Trade","DOW Mar 21, 2025 $42.00 Put",-1,"0.00","400.85","Feb 28, 2025"
"GLD250307P00261000","1.98","Trade","GLD Mar 07, 2025 $261.00 Put",1,"0.00","-198.12","Feb 28, 2025"
"GLD250228P00262000","0.45","Trade","GLD Feb 28, 2025 $262.00 Put",1,"0.00","-45.12","Feb 28, 2025"
"GLD250321P00260000","2.96","Trade","GLD Mar 21, 2025 $260.00 Put",1,"0.00","-296.12","Feb 28, 2025"
"GLD250307P00260000","1.52","Trade","GLD Mar 07, 2025 $260.00 Put",-1,"0.00","151.86","Feb 28, 2025"
"GLD250307P00262000","1.98","Trade","GLD Mar 07, 2025 $262.00 Put",-1,"0.00","197.86","Feb 28, 2025"
"DOW250307P00042000","3.99","Trade","DOW Mar 07, 2025 $42.00 Put",1,"0.00","-399.12","Feb 28, 2025"
,,"Option","IBIT250228C00058000",2,,"0.00","Feb 28, 2025"
"IBIT250307P00046000","0.62","Trade","IBIT Mar 07, 2025 $46.00 Put",1,"0.00","-62.12","Feb 27, 2025"
"FXI","35.98","Trade","FXI",-100,"0.00","3597.86","Feb 27, 2025"
"FXI250321C00033000","3.30","Trade","FXI Mar 21, 2025 $33.00 Call",1,"0.00","-330.12","Feb 27, 2025"
"GOOGL","174.23","Trade","GOOGL",-5,"0.00","871.10","Feb 26, 2025"
"F","9.56","Trade","F",-30,"0.00","286.62","Feb 26, 2025"
"DBX250417P00026000","0.53","Trade","DBX Apr 17, 2025 $26.00 Put",-1,"0.00","52.86","Feb 26, 2025"
"IBIT250228C00058000","0.02","Trade","IBIT Feb 28, 2025 $58.00 Call",1,"0.00","-2.12","Feb 26, 2025"
"F","9.59","Trade","F",-100,"0.00","958.95","Feb 26, 2025"
"DBX250417P00027000","0.91","Trade","DBX Apr 17, 2025 $27.00 Put",1,"0.00","-91.12","Feb 26, 2025"
"IBIT250314P00050000","2.03","Trade","IBIT Mar 14, 2025 $50.00 Put",-1,"0.00","202.86","Feb 25, 2025"
"RIOT250314P00007000","0.16","Trade","RIOT Mar 14, 2025 $7.00 Put",1,"0.00","-16.12","Feb 25, 2025"
"IBIT250228P00050000","1.11","Trade","IBIT Feb 28, 2025 $50.00 Put",1,"0.00","-111.12","Feb 25, 2025"
"IBIT250328P00047000","1.64","Trade","IBIT Mar 28, 2025 $47.00 Put",-1,"0.00","163.86","Feb 25, 2025"
"PEP250919P00145000","4.57","Trade","PEP Sep 19, 2025 $145.00 Put",-1,"0.00","456.85","Feb 25, 2025"
"DBX250417P00026000","0.85","Trade","DBX Apr 17, 2025 $26.00 Put",1,"0.00","-85.12","Feb 25, 2025"
"PEP250919P00150000","6.17","Trade","PEP Sep 19, 2025 $150.00 Put",1,"0.00","-617.12","Feb 25, 2025"
"IBIT250328P00046000","1.34","Trade","IBIT Mar 28, 2025 $46.00 Put",1,"0.00","-134.12","Feb 25, 2025"
"IBIT250328P00045000","1.12","Trade","IBIT Mar 28, 2025 $45.00 Put",-1,"0.00","111.86","Feb 25, 2025"
"DBX250417P00027000","1.29","Trade","DBX Apr 17, 2025 $27.00 Put",-1,"0.00","128.86","Feb 25, 2025"
"RIOT250314P00007500","0.25","Trade","RIOT Mar 14, 2025 $7.50 Put",-1,"0.00","24.86","Feb 25, 2025"
"SLV250307C00030000","0.13","Trade","SLV Mar 07, 2025 $30.00 Call",1,"0.00","-13.12","Feb 25, 2025"
"IBIT250307C00057000","0.56","Trade","IBIT Mar 07, 2025 $57.00 Call",-1,"0.00","55.86","Feb 24, 2025"
"PG250417P00160000","1.09","Trade","PG Apr 17, 2025 $160.00 Put",1,"0.00","-109.12","Feb 21, 2025"
"PEP250919P00150000","7.25","Trade","PEP Sep 19, 2025 $150.00 Put",1,"0.00","-725.12","Feb 21, 2025"
"F250321P00008850","0.11","Trade","F Mar 21, 2025 $8.85 Put",-1,"0.00","10.86","Feb 21, 2025"
"PEP250919P00145000","5.40","Trade","PEP Sep 19, 2025 $145.00 Put",-1,"0.00","539.85","Feb 21, 2025"
"F250321P00008850","0.11","Trade","F Mar 21, 2025 $8.85 Put",-1,"0.00","10.86","Feb 21, 2025"
"PG250417P00155000","0.55","Trade","PG Apr 17, 2025 $155.00 Put",-1,"0.00","54.86","Feb 21, 2025"
,,"Option","IBIT250221C00057500",1,,"0.00","Feb 21, 2025"
"MSFT250321P00380000","1.03","Trade","MSFT Mar 21, 2025 $380.00 Put",1,"0.00","-103.12","Feb 20, 2025"
"MSFT250321P00375000","0.79","Trade","MSFT Mar 21, 2025 $375.00 Put",-1,"0.00","78.86","Feb 20, 2025"
"GOOGL250328P00195000","12.75","Trade","GOOGL Mar 28, 2025 $195.00 Put",-1,"0.00","1274.83","Feb 19, 2025"
"GOOGL250221P00192500","8.57","Trade","GOOGL Feb 21, 2025 $192.50 Put",-1,"0.00","856.84","Feb 19, 2025"
"GOOGL250221P00195000","11.13","Trade","GOOGL Feb 21, 2025 $195.00 Put",1,"0.00","-1113.12","Feb 19, 2025"
"TXN250321P00185000","2.82","Trade","TXN Mar 21, 2025 $185.00 Put",1,"0.00","-282.12","Feb 19, 2025"
"TXN250321P00180000","1.69","Trade","TXN Mar 21, 2025 $180.00 Put",-1,"0.00","168.86","Feb 19, 2025"
"GOOGL250328P00190000","9.11","Trade","GOOGL Mar 28, 2025 $190.00 Put",1,"0.00","-911.12","Feb 19, 2025"
"IBIT250228P00050000","0.32","Trade","IBIT Feb 28, 2025 $50.00 Put",-1,"0.00","31.86","Feb 18, 2025"
"MARA250228P00018000","1.83","Trade","MARA Feb 28, 2025 $18.00 Put",1,"0.00","-183.12","Feb 18, 2025"
"GLD250228P00260000","0.37","Trade","GLD Feb 28, 2025 $260.00 Put",1,"0.00","-37.12","Feb 18, 2025"
"GLD250228P00262000","0.54","Trade","GLD Feb 28, 2025 $262.00 Put",-1,"0.00","53.86","Feb 18, 2025"
"GLD","270.51","Trade","GLD",1,"0.00","-270.52","Feb 18, 2025"
"IBIT250321P00046000","0.60","Trade","IBIT Mar 21, 2025 $46.00 Put",-1,"0.00","59.86","Feb 18, 2025"
"MARA250221P00016500","0.45","Trade","MARA Feb 21, 2025 $16.50 Put",1,"0.00","-45.12","Feb 18, 2025"
"F260116P00009850",,"Adjustment","split F260116P00009850",-1,,"0.00","Feb 18, 2025"
"F260116C00009850",,"Adjustment","split F260116C00009850",1,,"0.00","Feb 18, 2025"
"F260116P00009670",,"Adjustment","split F260116P00009670",-4,,"0.00","Feb 18, 2025"
"F250620C00009020",,"Adjustment","split F250620C00009020",3,,"0.00","Feb 18, 2025"
"F250321P00010000",,"Adjustment","split F250321P00010000",3,,"0.00","Feb 18, 2025"
"F250314P00008500",,"Adjustment","split F250314P00008500",2,,"0.00","Feb 18, 2025"
"F250620C00009170",,"Adjustment","split F250620C00009170",-3,,"0.00","Feb 18, 2025"
"F250321P00009850",,"Adjustment","split F250321P00009850",-3,,"0.00","Feb 18, 2025"
"F260116P00010000",,"Adjustment","split F260116P00010000",1,,"0.00","Feb 18, 2025"
"F260116C00010000",,"Adjustment","split F260116C00010000",-1,,"0.00","Feb 18, 2025"
"F250307P00009000",,"Adjustment","split F250307P00009000",4,,"0.00","Feb 18, 2025"
"F260116P00009820",,"Adjustment","split F260116P00009820",4,,"0.00","Feb 18, 2025"
"F250314P00008350",,"Adjustment","split F250314P00008350",-2,,"0.00","Feb 18, 2025"
"F250307P00008850",,"Adjustment","split F250307P00008850",-4,,"0.00","Feb 18, 2025"
"CAT250321P00330000","2.28","Trade","CAT Mar 21, 2025 $330.00 Put",1,"0.00","-228.12","Feb 14, 2025"
"FCX250321P00035000","0.29","Trade","FCX Mar 21, 2025 $35.00 Put",-1,"0.00","28.86","Feb 14, 2025"
"CAT250321P00340000","3.88","Trade","CAT Mar 21, 2025 $340.00 Put",-1,"0.00","387.85","Feb 14, 2025"
"PG250417P00160000","2.41","Trade","PG Apr 17, 2025 $160.00 Put",-1,"0.00","240.86","Feb 14, 2025"
"CAT250321P00330000","2.61","Trade","CAT Mar 21, 2025 $330.00 Put",1,"0.00","-261.12","Feb 14, 2025"
"CAT250321P00340000","4.59","Trade","CAT Mar 21, 2025 $340.00 Put",-1,"0.00","458.85","Feb 14, 2025"
"IBIT250214C00057500","0.02","Trade","IBIT Feb 14, 2025 $57.50 Call",1,"0.00","-2.12","Feb 14, 2025"
"PG250417P00155000","1.38","Trade","PG Apr 17, 2025 $155.00 Put",1,"0.00","-138.12","Feb 14, 2025"
"FCX250321P00036000","0.45","Trade","FCX Mar 21, 2025 $36.00 Put",1,"0.00","-45.12","Feb 14, 2025"
"F","9.47","Trade","F",100,"0.00","-946.91","Feb 14, 2025"
"IBIT250221C00057500","0.41","Trade","IBIT Feb 21, 2025 $57.50 Call",-1,"0.00","40.86","Feb 14, 2025"
,,"Option","IBIT250214P00050000",1,,"0.00","Feb 14, 2025"
"IBIT250228C00058000","0.85","Trade","IBIT Feb 28, 2025 $58.00 Call",-3,"0.00","254.63","Feb 13, 2025"
"IBIT250321C00058000","2.21","Trade","IBIT Mar 21, 2025 $58.00 Call",-1,"0.00","220.86","Feb 13, 2025"
"IBIT250221C00057500","0.45","Trade","IBIT Feb 21, 2025 $57.50 Call",3,"0.00","-135.35","Feb 13, 2025"
"MSFT250815P00400000","19.13","Trade","MSFT Aug 15, 2025 $400.00 Put",-1,"0.00","1912.81","Feb 13, 2025"
"MSFT250815P00395000","17.32","Trade","MSFT Aug 15, 2025 $395.00 Put",1,"0.00","-1732.12","Feb 13, 2025"
"MSFT250321P00375000","1.48","Trade","MSFT Mar 21, 2025 $375.00 Put",1,"0.00","-148.12","Feb 13, 2025"
"MSFT250321P00380000","1.90","Trade","MSFT Mar 21, 2025 $380.00 Put",-1,"0.00","189.86","Feb 13, 2025"
"IBIT250314C00057000","2.14","Trade","IBIT Mar 14, 2025 $57.00 Call",1,"0.00","-214.12","Feb 13, 2025"
"MARA250214P00018000","2.06","Trade","MARA Feb 14, 2025 $18.00 Put",1,"0.00","-206.12","Feb 12, 2025"
"MARA250221P00016500","1.04","Trade","MARA Feb 21, 2025 $16.50 Put",-1,"0.00","103.86","Feb 12, 2025"
"MARA250214P00016500","0.75","Trade","MARA Feb 14, 2025 $16.50 Put",1,"0.00","-75.12","Feb 12, 2025"
"IBIT250214C00059000","0.02","Trade","IBIT Feb 14, 2025 $59.00 Call",3,"0.00","-6.35","Feb 12, 2025"
"MARA250228P00018000","2.38","Trade","MARA Feb 28, 2025 $18.00 Put",-1,"0.00","237.86","Feb 12, 2025"
"IBIT250221C00057500","0.46","Trade","IBIT Feb 21, 2025 $57.50 Call",-3,"0.00","137.63","Feb 12, 2025"
"ELF250417P00055000","1.43","Trade","ELF Apr 17, 2025 $55.00 Put",1,"0.00","-143.11","Feb 11, 2025"
"FXI250321C00033000","1.64","Trade","FXI Mar 21, 2025 $33.00 Call",-1,"0.00","163.87","Feb 10, 2025"
"FXI250214C00032000","1.52","Trade","FXI Feb 14, 2025 $32.00 Call",1,"0.00","-152.11","Feb 10, 2025"
"MCD250307P00265000","0.66","Trade","MCD Mar 07, 2025 $265.00 Put",1,"0.00","-66.11","Feb 07, 2025"
"ELF250417P00055000","1.89","Trade","ELF Apr 17, 2025 $55.00 Put",-1,"0.00","188.87","Feb 07, 2025"
"MCD250307P00260000","0.41","Trade","MCD Mar 07, 2025 $260.00 Put",-1,"0.00","40.87","Feb 07, 2025"
,,"Option","F250207C00011000",2,,"0.00","Feb 07, 2025"
,,"Option","F250207C00010500",5,,"0.00","Feb 07, 2025"
"CMCSA250321P00035000","1.26","Trade","CMCSA Mar 21, 2025 $35.00 Put",1,"0.00","-126.11","Feb 06, 2025"
"DOW250221P00042500","3.79","Trade","DOW Feb 21, 2025 $42.50 Put",1,"0.00","-379.11","Feb 06, 2025"
"F250214C00010500","0.03","Trade","F Feb 14, 2025 $10.50 Call",2,"0.00","-6.21","Feb 06, 2025"
"MARA250214P00016500","0.53","Trade","MARA Feb 14, 2025 $16.50 Put",-1,"0.00","52.87","Feb 06, 2025"
"DOW250228P00043000","4.87","Trade","DOW Feb 28, 2025 $43.00 Put",-1,"0.00","486.86","Feb 06, 2025"
"SLV250212C00029000","0.58","Trade","SLV Feb 12, 2025 $29.00 Call",1,"0.00","-58.11","Feb 06, 2025"
"F250321P00010000","0.93","Trade","F Mar 21, 2025 $10.00 Put",-1,"0.00","92.87","Feb 06, 2025"
"MARA250207P00016500","0.14","Trade","MARA Feb 07, 2025 $16.50 Put",1,"0.00","-14.11","Feb 06, 2025"
"F260116P00009820","1.52","Trade","F Jan 16, 2026 $9.82 Put",-1,"0.00","151.87","Feb 06, 2025"
"DOW250307P00042000","3.97","Trade","DOW Mar 07, 2025 $42.00 Put",-1,"0.00","396.86","Feb 06, 2025"
"F260116P00009820","1.52","Trade","F Jan 16, 2026 $9.82 Put",-1,"0.00","151.87","Feb 06, 2025"
"F250307P00009000","0.25","Trade","F Mar 07, 2025 $9.00 Put",-1,"0.00","24.87","Feb 06, 2025"
"F250307P00009000","0.19","Trade","F Mar 07, 2025 $9.00 Put",-1,"0.00","18.87","Feb 06, 2025"
"F","9.35","Trade","F",30,"0.00","-280.35","Feb 06, 2025"
"SLV250307C00030000","0.59","Trade","SLV Mar 07, 2025 $30.00 Call",-1,"0.00","58.87","Feb 06, 2025"
"F250307P00009000","0.25","Trade","F Mar 07, 2025 $9.00 Put",-1,"0.00","24.87","Feb 06, 2025"
"F260116P00009820","1.52","Trade","F Jan 16, 2026 $9.82 Put",-1,"0.00","151.87","Feb 06, 2025"
"DOW250228P00043000","4.89","Trade","DOW Feb 28, 2025 $43.00 Put",1,"0.00","-489.11","Feb 06, 2025"
"F250321P00010000","0.94","Trade","F Mar 21, 2025 $10.00 Put",-1,"0.00","93.87","Feb 06, 2025"
"F250321P00010000","0.93","Trade","F Mar 21, 2025 $10.00 Put",-1,"0.00","92.87","Feb 06, 2025"
"F250307P00009000","0.20","Trade","F Mar 07, 2025 $9.00 Put",-1,"0.00","19.87","Feb 06, 2025"
"F250314P00008500","0.10","Trade","F Mar 14, 2025 $8.50 Put",-1,"0.00","9.87","Feb 06, 2025"
"F250314P00008500","0.11","Trade","F Mar 14, 2025 $8.50 Put",-1,"0.00","10.87","Feb 06, 2025"
"F260116P00009820","1.52","Trade","F Jan 16, 2026 $9.82 Put",-1,"0.00","151.87","Feb 06, 2025"
"TLT",,"Dividend","ISHARES 20 PLUS YEAR TREASURY",0,,"-2.81","Feb 06, 2025"
"TLT",,"Dividend","ISHARES 20 PLUS YEAR TREASURY",0,,"9.37","Feb 06, 2025"
"F250207C00011000","0.11","Trade","F Feb 07, 2025 $11.00 Call",-1,"0.00","10.87","Feb 05, 2025"
"SLV250207C00029000","0.69","Trade","SLV Feb 07, 2025 $29.00 Call",1,"0.00","-69.11","Feb 05, 2025"
"MARA250214P00018000","1.27","Trade","MARA Feb 14, 2025 $18.00 Put",-1,"0.00","126.87","Feb 05, 2025"
"IBIT","55.46","Trade","IBIT",10,"0.00","-554.60","Feb 05, 2025"
"IBIT250214C00059000","0.66","Trade","IBIT Feb 14, 2025 $59.00 Call",1,"0.00","-66.11","Feb 05, 2025"
"IBIT","55.60","Trade","IBIT",10,"0.00","-556.00","Feb 05, 2025"
"F250620P00009170","0.46","Trade","F Jun 20, 2025 $9.17 Put",1,"0.00","-46.11","Feb 05, 2025"
"IBIT","55.47","Trade","IBIT",12,"0.00","-665.64","Feb 05, 2025"
"SLV250212C00029000","0.82","Trade","SLV Feb 12, 2025 $29.00 Call",-1,"0.00","81.87","Feb 05, 2025"
"IBIT","55.49","Trade","IBIT",10,"0.00","-554.90","Feb 05, 2025"
"IBIT250214C00057500","0.92","Trade","IBIT Feb 14, 2025 $57.50 Call",-1,"0.00","91.87","Feb 05, 2025"
"F250214C00010500","0.30","Trade","F Feb 14, 2025 $10.50 Call",-1,"0.00","29.87","Feb 05, 2025"
"IBIT250314C00057000","3.20","Trade","IBIT Mar 14, 2025 $57.00 Call",-1,"0.00","319.87","Feb 05, 2025"
"F250207C00010500","0.27","Trade","F Feb 07, 2025 $10.50 Call",-1,"0.00","26.87","Feb 05, 2025"
"F250221P00010500","0.64","Trade","F Feb 21, 2025 $10.50 Put",1,"0.00","-64.11","Feb 05, 2025"
"IBIT","55.53","Trade","IBIT",10,"0.00","-555.30","Feb 05, 2025"
"IBIT","55.47","Trade","IBIT",20,"0.00","-1109.40","Feb 05, 2025"
"F250207C00010500","0.27","Trade","F Feb 07, 2025 $10.50 Call",-1,"0.00","26.87","Feb 05, 2025"
"F250919P00008000","0.31","Trade","F Sep 19, 2025 $8.00 Put",3,"0.00","-93.32","Feb 05, 2025"
"F250620P00009820","0.74","Trade","F Jun 20, 2025 $9.82 Put",4,"0.00","-296.42","Feb 05, 2025"
"IBIT","55.51","Trade","IBIT",10,"0.00","-555.10","Feb 05, 2025"
"IBIT","55.46","Trade","IBIT",10,"0.00","-554.60","Feb 05, 2025"
"MARA250207P00018000","0.91","Trade","MARA Feb 07, 2025 $18.00 Put",1,"0.00","-91.11","Feb 05, 2025"
"F250620P00010000","0.81","Trade","F Jun 20, 2025 $10.00 Put",1,"0.00","-81.11","Feb 05, 2025"
"F250207C00011000","0.11","Trade","F Feb 07, 2025 $11.00 Call",-1,"0.00","10.87","Feb 05, 2025"
"RIOT250214P00010000","0.12","Trade","RIOT Feb 14, 2025 $10.00 Put",1,"0.00","-12.11","Feb 04, 2025"
"GLD250630P00210000","0.29","Trade","GLD Jun 30, 2025 $210.00 Put",-1,"0.00","28.87","Feb 04, 2025"
"JBLU250620P00006000","0.80","Trade","JBLU Jun 20, 2025 $6.00 Put",1,"0.00","-80.11","Feb 04, 2025"
"GLD250630P00215000","0.40","Trade","GLD Jun 30, 2025 $215.00 Put",1,"0.00","-40.11","Feb 04, 2025"
"RIOT250321P00009000","0.37","Trade","RIOT Mar 21, 2025 $9.00 Put",1,"0.00","-37.11","Feb 04, 2025"
"ADBE","443.29","Trade","ADBE",-3,"0.00","1329.82","Feb 04, 2025"
"SPY251219P00410000","3.57","Trade","SPY Dec 19, 2025 $410.00 Put",1,"0.00","-357.11","Feb 04, 2025"
"SPY251219C00610000","40.06","Trade","SPY Dec 19, 2025 $610.00 Call",1,"0.00","-4006.11","Feb 04, 2025"
"SPY251219C00615000","36.86","Trade","SPY Dec 19, 2025 $615.00 Call",-1,"0.00","3685.77","Feb 04, 2025"
"RIOT250307P00009000","0.21","Trade","RIOT Mar 07, 2025 $9.00 Put",1,"0.00","-21.11","Feb 04, 2025"
,,"Transfer","Feb Pro Subscription",0,,"-10.00","Feb 04, 2025"
"MARA250207P00016500","0.42","Trade","MARA Feb 07, 2025 $16.50 Put",-1,"0.00","41.87","Feb 03, 2025"
"SPY251219P00410000","4.12","Trade","SPY Dec 19, 2025 $410.00 Put",-1,"0.00","411.86","Feb 03, 2025"
"F250207P00010500","0.88","Trade","F Feb 07, 2025 $10.50 Put",1,"0.00","-88.11","Feb 03, 2025"
"IBIT250214C00059000","0.88","Trade","IBIT Feb 14, 2025 $59.00 Call",-1,"0.00","87.87","Feb 03, 2025"
"IBIT250307P00046000","0.72","Trade","IBIT Mar 07, 2025 $46.00 Put",-1,"0.00","71.87","Feb 03, 2025"
"MCD250307P00265000","1.47","Trade","MCD Mar 07, 2025 $265.00 Put",-1,"0.00","146.87","Feb 03, 2025"
"IBIT250214C00059000","0.88","Trade","IBIT Feb 14, 2025 $59.00 Call",-1,"0.00","87.87","Feb 03, 2025"
"IBIT250214C00059000","1.71","Trade","IBIT Feb 14, 2025 $59.00 Call",-2,"0.00","341.77","Feb 03, 2025"
"F250214C00010500","0.21","Trade","F Feb 14, 2025 $10.50 Call",-1,"0.00","20.87","Feb 03, 2025"
"IBIT250207C00058000","1.34","Trade","IBIT Feb 07, 2025 $58.00 Call",2,"0.00","-268.21","Feb 03, 2025"
"F250919P00008000","0.42","Trade","F Sep 19, 2025 $8.00 Put",-1,"0.00","41.87","Feb 03, 2025"
"F250919P00008000","0.40","Trade","F Sep 19, 2025 $8.00 Put",-1,"0.00","39.87","Feb 03, 2025"
"F250207C00010500","0.16","Trade","F Feb 07, 2025 $10.50 Call",-1,"0.00","15.87","Feb 03, 2025"
"F250919P00008000","0.40","Trade","F Sep 19, 2025 $8.00 Put",-1,"0.00","39.87","Feb 03, 2025"
"SPY251219C00615000","32.16","Trade","SPY Dec 19, 2025 $615.00 Call",1,"0.00","-3216.11","Feb 03, 2025"
"MCD250307P00260000","1.03","Trade","MCD Mar 07, 2025 $260.00 Put",1,"0.00","-103.11","Feb 03, 2025"
"SPY251219C00610000","35.15","Trade","SPY Dec 19, 2025 $610.00 Call",-1,"0.00","3514.78","Feb 03, 2025"
"IBIT250207C00058000","0.47","Trade","IBIT Feb 07, 2025 $58.00 Call",-1,"0.00","46.87","Feb 03, 2025"
"IBIT250207C00058000","0.47","Trade","IBIT Feb 07, 2025 $58.00 Call",-1,"0.00","46.87","Feb 03, 2025"
"F250221P00010500","1.04","Trade","F Feb 21, 2025 $10.50 Put",-1,"0.00","103.87","Feb 03, 2025"
"UPS250321P00095000","0.23","Trade","UPS Mar 21, 2025 $95.00 Put",-1,"0.00","22.87","Jan 31, 2025"
"AAPL250516P00210000","1.98","Trade","AAPL May 16, 2025 $210.00 Put",1,"0.00","-198.11","Jan 31, 2025"
"IBIT250207C00060500","0.47","Trade","IBIT Feb 07, 2025 $60.50 Call",1,"0.00","-47.11","Jan 31, 2025"
"CMCSA250321P00035000","1.70","Trade","CMCSA Mar 21, 2025 $35.00 Put",-1,"0.00","169.87","Jan 31, 2025"
"AAPL250516P00190000","0.80","Trade","AAPL May 16, 2025 $190.00 Put",-1,"0.00","79.87","Jan 31, 2025"
"IBIT250207C00061000","1.07","Trade","IBIT Feb 07, 2025 $61.00 Call",-1,"0.00","106.87","Jan 31, 2025"
"IBIT250207C00059000","0.92","Trade","IBIT Feb 07, 2025 $59.00 Call",1,"0.00","-92.11","Jan 31, 2025"
"AAPL250516P00195000","1.00","Trade","AAPL May 16, 2025 $195.00 Put",1,"0.00","-100.11","Jan 31, 2025"
"UPS250207P00109000","0.26","Trade","UPS Feb 07, 2025 $109.00 Put",-1,"0.00","25.87","Jan 31, 2025"
"UPS250321P00100000","0.48","Trade","UPS Mar 21, 2025 $100.00 Put",1,"0.00","-48.11","Jan 31, 2025"
"MSFT250919P00400000","19.80","Trade","MSFT Sep 19, 2025 $400.00 Put",-1,"0.00","1979.82","Jan 31, 2025"
"IBIT250207C00061500","0.29","Trade","IBIT Feb 07, 2025 $61.50 Call",1,"0.00","-29.11","Jan 31, 2025"
"IBIT250207C00061000","0.38","Trade","IBIT Feb 07, 2025 $61.00 Call",1,"0.00","-38.11","Jan 31, 2025"
"UPS250207P00110000","0.38","Trade","UPS Feb 07, 2025 $110.00 Put",1,"0.00","-38.11","Jan 31, 2025"
"AAPL250516P00205000","1.55","Trade","AAPL May 16, 2025 $205.00 Put",-1,"0.00","154.87","Jan 31, 2025"
"IBIT250207C00060500","1.08","Trade","IBIT Feb 07, 2025 $60.50 Call",-1,"0.00","107.87","Jan 31, 2025"
"IBIT250131C00062000","0.02","Trade","IBIT Jan 31, 2025 $62.00 Call",1,"0.00","-2.11","Jan 31, 2025"
"IBIT250131C00062000","0.01","Trade","IBIT Jan 31, 2025 $62.00 Call",1,"0.00","-1.11","Jan 31, 2025"
"UPS250207P00110000","0.42","Trade","UPS Feb 07, 2025 $110.00 Put",1,"0.00","-42.11","Jan 31, 2025"
"MARA250207P00018000","0.40","Trade","MARA Feb 07, 2025 $18.00 Put",-1,"0.00","39.87","Jan 31, 2025"
"UPS250207P00109000","0.28","Trade","UPS Feb 07, 2025 $109.00 Put",-1,"0.00","27.87","Jan 31, 2025"
"SPY",,"Dividend","SPDR S&P 500 ETF TRUST",0,,"-0.59","Jan 31, 2025"
"SPY",,"Dividend","SPDR S&P 500 ETF TRUST",0,,"1.97","Jan 31, 2025"
"SPXW250321P06055000","103.07","Trade","SPXW Mar 21, 2025 $6,055.00 Put",-1,"0.00","10306.44","Jan 30, 2025"
"SPXW250130P06045000","7.30","Trade","SPXW Jan 30, 2025 $6,045.00 Put",1,"0.70","-731.26","Jan 30, 2025"
"IBIT250207C00061500","1.25","Trade","IBIT Feb 07, 2025 $61.50 Call",-1,"0.00","124.87","Jan 30, 2025"
"UPS250321P00095000","0.50","Trade","UPS Mar 21, 2025 $95.00 Put",1,"0.00","-50.11","Jan 30, 2025"
"SPXW250321P06045000","95.05","Trade","SPXW Mar 21, 2025 $6,045.00 Put",-1,"0.00","9504.44","Jan 30, 2025"
"SPXW250321P06045000","99.52","Trade","SPXW Mar 21, 2025 $6,045.00 Put",1,"0.70","-9953.26","Jan 30, 2025"
"SPXW250130P06045000","20.88","Trade","SPXW Jan 30, 2025 $6,045.00 Put",-2,"0.00","4174.88","Jan 30, 2025"
"SPXW250321P06055000","98.55","Trade","SPXW Mar 21, 2025 $6,055.00 Put",1,"0.70","-9856.26","Jan 30, 2025"
"SPXW250130P06055000","24.25","Trade","SPXW Jan 30, 2025 $6,055.00 Put",-1,"0.00","2424.44","Jan 30, 2025"
"UPS250207P00109000","1.01","Trade","UPS Feb 07, 2025 $109.00 Put",1,"0.00","-101.11","Jan 30, 2025"
"UPS250207P00109000","0.80","Trade","UPS Feb 07, 2025 $109.00 Put",1,"0.00","-80.11","Jan 30, 2025"
"F250620P00009820","0.70","Trade","F Jun 20, 2025 $9.82 Put",4,"0.00","-280.42","Jan 30, 2025"
"UPS250207P00110000","1.31","Trade","UPS Feb 07, 2025 $110.00 Put",-1,"0.00","130.87","Jan 30, 2025"
"SPXW250130P06055000","28.18","Trade","SPXW Jan 30, 2025 $6,055.00 Put",2,"1.40","-5638.52","Jan 30, 2025"
"SPXW250130P06055000","11.15","Trade","SPXW Jan 30, 2025 $6,055.00 Put",-1,"0.00","1114.44","Jan 30, 2025"
"UPS250207P00110000","1.04","Trade","UPS Feb 07, 2025 $110.00 Put",-1,"0.00","103.87","Jan 30, 2025"
"SPXW250130P06045000","17.60","Trade","SPXW Jan 30, 2025 $6,045.00 Put",1,"0.70","-1761.26","Jan 30, 2025"
"UPS250321P00100000","1.05","Trade","UPS Mar 21, 2025 $100.00 Put",-1,"0.00","104.87","Jan 30, 2025"
"IBIT250207C00058000","1.90","Trade","IBIT Feb 07, 2025 $58.00 Call",1,"0.00","-190.11","Jan 29, 2025"
,,"Adjustment","1-28 Clearing Fees",0,,"-0.64","Jan 29, 2025"
"IBIT","58.05","Trade","IBIT",100,"0.00","-5805.00","Jan 28, 2025"
"JBLU250620P00006000","0.90","Trade","JBLU Jun 20, 2025 $6.00 Put",-1,"0.00","89.95","Jan 28, 2025"
"SLV","27.57","Trade","SLV",-100,"0.00","2757.37","Jan 28, 2025"
"NVDA250321C00134000","6.10","Trade","NVDA Mar 21, 2025 $134.00 Call",-1,"0.00","609.94","Jan 28, 2025"
"IBIT","58.29","Trade","IBIT",-10,"0.00","582.87","Jan 28, 2025"
"IBIT","58.35","Trade","IBIT",-10,"0.00","583.47","Jan 28, 2025"
"IBIT250207C00059000","1.66","Trade","IBIT Feb 07, 2025 $59.00 Call",-1,"0.00","165.95","Jan 28, 2025"
"SLV","27.57","Trade","SLV",-100,"0.00","2757.10","Jan 28, 2025"
"IBIT250207C00058000","2.12","Trade","IBIT Feb 07, 2025 $58.00 Call",-1,"0.00","211.95","Jan 28, 2025"
"IBIT","58.08","Trade","IBIT",2,"0.00","-116.16","Jan 28, 2025"
"SLV250214C00029000","0.19","Trade","SLV Feb 14, 2025 $29.00 Call",1,"0.00","-19.03","Jan 28, 2025"
"NVDA250321C00132000","6.73","Trade","NVDA Mar 21, 2025 $132.00 Call",1,"0.00","-673.03","Jan 28, 2025"
"IBIT","58.09","Trade","IBIT",100,"0.00","-5808.61","Jan 28, 2025"
"IBIT","58.15","Trade","IBIT",-50,"0.00","2907.40","Jan 28, 2025"
"IBIT","58.35","Trade","IBIT",-10,"0.00","583.47","Jan 28, 2025"
"IBIT","58.14","Trade","IBIT",-28,"0.00","1627.86","Jan 28, 2025"
"IBIT250131C00062500","0.11","Trade","IBIT Jan 31, 2025 $62.50 Call",1,"0.00","-11.03","Jan 28, 2025"
"NVDA250321P00104000","3.77","Trade","NVDA Mar 21, 2025 $104.00 Put",1,"0.00","-377.03","Jan 28, 2025"
"FXI250131C00031500","0.43","Trade","FXI Jan 31, 2025 $31.50 Call",1,"0.00","-43.11","Jan 27, 2025"
"AAPL250516P00210000","4.59","Trade","AAPL May 16, 2025 $210.00 Put",-1,"0.00","458.86","Jan 27, 2025"
"F250207C00010500","0.28","Trade","F Feb 07, 2025 $10.50 Call",-1,"0.00","27.87","Jan 27, 2025"
"RIOT250307P00009000","0.50","Trade","RIOT Mar 07, 2025 $9.00 Put",-1,"0.00","49.87","Jan 27, 2025"
"RIOT250321P00009000","0.65","Trade","RIOT Mar 21, 2025 $9.00 Put",-1,"0.00","64.87","Jan 27, 2025"
"TGT250321P00125000","2.10","Trade","TGT Mar 21, 2025 $125.00 Put",1,"0.00","-210.11","Jan 27, 2025"
"AAPL250516P00190000","1.80","Trade","AAPL May 16, 2025 $190.00 Put",1,"0.00","-180.11","Jan 27, 2025"
"FXI250214C00032000","0.63","Trade","FXI Feb 14, 2025 $32.00 Call",-1,"0.00","62.87","Jan 27, 2025"
"NVDA250321P00104000","5.25","Trade","NVDA Mar 21, 2025 $104.00 Put",-1,"0.00","524.86","Jan 27, 2025"
"F250207C00010500","0.28","Trade","F Feb 07, 2025 $10.50 Call",-1,"0.00","27.87","Jan 27, 2025"
"F250321P00010000","0.45","Trade","F Mar 21, 2025 $10.00 Put",1,"0.00","-45.11","Jan 27, 2025"
"TGT250321P00120000","1.25","Trade","TGT Mar 21, 2025 $120.00 Put",-1,"0.00","124.87","Jan 27, 2025"
"NVDA250321C00134000","5.80","Trade","NVDA Mar 21, 2025 $134.00 Call",1,"0.00","-580.11","Jan 27, 2025"
"AAPL250516P00205000","3.65","Trade","AAPL May 16, 2025 $205.00 Put",1,"0.00","-365.11","Jan 27, 2025"
"NVDA250321C00132000","6.35","Trade","NVDA Mar 21, 2025 $132.00 Call",-1,"0.00","634.86","Jan 27, 2025"
"AAPL250516P00195000","2.25","Trade","AAPL May 16, 2025 $195.00 Put",-1,"0.00","224.87","Jan 27, 2025"
"RIOT250214P00010000","0.32","Trade","RIOT Feb 14, 2025 $10.00 Put",-1,"0.00","31.87","Jan 27, 2025"
"F250321C00010000","0.66","Trade","F Mar 21, 2025 $10.00 Call",-1,"0.00","65.87","Jan 27, 2025"
"IBIT250124C00062000","0.05","Trade","IBIT Jan 24, 2025 $62.00 Call",1,"0.00","-5.11","Jan 24, 2025"
"SLV250214C00029000","0.27","Trade","SLV Feb 14, 2025 $29.00 Call",-1,"0.00","26.87","Jan 24, 2025"
"TXN250321P00180000","4.42","Trade","TXN Mar 21, 2025 $180.00 Put",1,"0.00","-442.11","Jan 24, 2025"
"FCX250321P00035000","0.79","Trade","FCX Mar 21, 2025 $35.00 Put",1,"0.00","-79.11","Jan 24, 2025"
"IBIT250131C00062000","1.15","Trade","IBIT Jan 31, 2025 $62.00 Call",-1,"0.00","114.87","Jan 24, 2025"
"FCX250321P00036000","1.09","Trade","FCX Mar 21, 2025 $36.00 Put",-1,"0.00","108.87","Jan 24, 2025"
"TXN250321P00185000","6.37","Trade","TXN Mar 21, 2025 $185.00 Put",-1,"0.00","636.86","Jan 24, 2025"
"SLV250207C00029000","0.17","Trade","SLV Feb 07, 2025 $29.00 Call",-1,"0.00","16.87","Jan 24, 2025"
"IBIT250131C00062500","1.06","Trade","IBIT Jan 31, 2025 $62.50 Call",-1,"0.00","105.87","Jan 24, 2025"
"PM250131P00119000","0.16","Trade","PM Jan 31, 2025 $119.00 Put",1,"0.00","-16.11","Jan 23, 2025"
"SPY","608.04","Trade","SPY",-1,"0.00","608.01","Jan 23, 2025"
"SLV250131C00028500","0.10","Trade","SLV Jan 31, 2025 $28.50 Call",2,"0.00","-20.21","Jan 23, 2025"
"SPY251219P00490000","7.57","Trade","SPY Dec 19, 2025 $490.00 Put",-1,"0.00","756.85","Jan 23, 2025"
"IBIT250124C00061000","0.30","Trade","IBIT Jan 24, 2025 $61.00 Call",1,"0.00","-30.11","Jan 23, 2025"
"SPY251219P00485000","7.20","Trade","SPY Dec 19, 2025 $485.00 Put",1,"0.00","-720.11","Jan 23, 2025"
"TGT250321P00120000","1.74","Trade","TGT Mar 21, 2025 $120.00 Put",1,"0.00","-174.11","Jan 23, 2025"
"TGT250321P00125000","2.81","Trade","TGT Mar 21, 2025 $125.00 Put",-1,"0.00","280.87","Jan 23, 2025"
"SPY251219P00480000","6.84","Trade","SPY Dec 19, 2025 $480.00 Put",1,"0.00","-684.11","Jan 23, 2025"
,,"Ach","ACH DEPOSIT",0,,"380.00","Jan 23, 2025"
"IBIT250214P00050000","0.52","Trade","IBIT Feb 14, 2025 $50.00 Put",-1,"0.00","51.87","Jan 22, 2025"
"IBIT250131C00062000","1.20","Trade","IBIT Jan 31, 2025 $62.00 Call",-1,"0.00","119.87","Jan 22, 2025"
"SPY250930P00516000","7.62","Trade","SPY Sep 30, 2025 $516.00 Put",1,"0.00","-762.11","Jan 22, 2025"
"SPY250930P00515000","7.53","Trade","SPY Sep 30, 2025 $515.00 Put",1,"0.00","-753.11","Jan 22, 2025"
"SLV250131C00028500","0.23","Trade","SLV Jan 31, 2025 $28.50 Call",-1,"0.00","22.87","Jan 22, 2025"
"PM250131P00119000","0.35","Trade","PM Jan 31, 2025 $119.00 Put",-1,"0.00","34.87","Jan 22, 2025"
"IBIT250124C00061000","0.50","Trade","IBIT Jan 24, 2025 $61.00 Call",-1,"0.00","49.87","Jan 22, 2025"
"SLV250207C00029000","0.27","Trade","SLV Feb 07, 2025 $29.00 Call",1,"0.00","-27.11","Jan 22, 2025"
"SPY250930P00527000","8.67","Trade","SPY Sep 30, 2025 $527.00 Put",-1,"0.00","866.85","Jan 22, 2025"
"PEP250919P00150000","9.38","Trade","PEP Sep 19, 2025 $150.00 Put",-1,"0.00","937.85","Jan 22, 2025"
"GOOGL250221P00195000","5.05","Trade","GOOGL Feb 21, 2025 $195.00 Put",-1,"0.00","504.86","Jan 22, 2025"
"GOOGL250221P00192500","4.15","Trade","GOOGL Feb 21, 2025 $192.50 Put",1,"0.00","-415.11","Jan 22, 2025"
"PEP250919P00145000","7.22","Trade","PEP Sep 19, 2025 $145.00 Put",1,"0.00","-722.11","Jan 22, 2025"
"IBIT250131C00060000","2.39","Trade","IBIT Jan 31, 2025 $60.00 Call",1,"0.00","-239.11","Jan 21, 2025"
"PEP250919P00150000","9.31","Trade","PEP Sep 19, 2025 $150.00 Put",-1,"0.00","930.85","Jan 21, 2025"
"IBIT250207C00060000","3.00","Trade","IBIT Feb 07, 2025 $60.00 Call",1,"0.00","-300.11","Jan 21, 2025"
"PEP250919P00145000","7.16","Trade","PEP Sep 19, 2025 $145.00 Put",1,"0.00","-716.11","Jan 21, 2025"
"SPY251219P00485000","8.01","Trade","SPY Dec 19, 2025 $485.00 Put",-1,"0.00","800.85","Jan 17, 2025"
"IBIT250124C00060000","1.36","Trade","IBIT Jan 24, 2025 $60.00 Call",1,"0.00","-136.11","Jan 17, 2025"
"IBIT250124C00057500","3.10","Trade","IBIT Jan 24, 2025 $57.50 Call",1,"0.00","-310.11","Jan 17, 2025"
"IBIT250207C00060000","3.22","Trade","IBIT Feb 07, 2025 $60.00 Call",-1,"0.00","321.87","Jan 17, 2025"
"SPY251219P00490000","8.46","Trade","SPY Dec 19, 2025 $490.00 Put",1,"0.00","-846.11","Jan 17, 2025"
"SPY251219P00480000","7.57","Trade","SPY Dec 19, 2025 $480.00 Put",-1,"0.00","756.85","Jan 17, 2025"
"SPY250117C00598000","0.58","Trade","SPY Jan 17, 2025 $598.00 Call",-1,"0.00","57.87","Jan 17, 2025"
"IBIT250124C00062000","0.97","Trade","IBIT Jan 24, 2025 $62.00 Call",-1,"0.00","96.87","Jan 17, 2025"
"SPY250117C00598000","0.98","Trade","SPY Jan 17, 2025 $598.00 Call",1,"0.00","-98.11","Jan 17, 2025"
"SPY250117C00600000","0.28","Trade","SPY Jan 17, 2025 $600.00 Call",-1,"0.00","27.87","Jan 17, 2025"
"FXI250131C00031500","0.31","Trade","FXI Jan 31, 2025 $31.50 Call",-1,"0.00","30.87","Jan 17, 2025"
"SPY250117C00600000","0.17","Trade","SPY Jan 17, 2025 $600.00 Call",1,"0.00","-17.11","Jan 17, 2025"
"IBIT250124P00050000","0.27","Trade","IBIT Jan 24, 2025 $50.00 Put",1,"0.00","-27.11","Jan 16, 2025"
"IBIT250124C00057500","0.94","Trade","IBIT Jan 24, 2025 $57.50 Call",-1,"0.00","93.87","Jan 16, 2025"
,,"Adjustment","1-15 Clearing Fees",0,,"-0.08","Jan 16, 2025"
,,"Interest","FROM 01/01 THRU 01/15 @ 9 1/2%",0,,"-189.94","Jan 16, 2025"
"IBIT250117C00057000","0.72","Trade","IBIT Jan 17, 2025 $57.00 Call",1,"0.00","-72.04","Jan 15, 2025"
"OXY",,"Dividend","OCCIDENTAL PETE CORP",0,,"-0.07","Jan 15, 2025"
"OXY",,"Dividend","OCCIDENTAL PETE CORP",0,,"0.22","Jan 15, 2025"
"SPXW250114C05865000","18.80","Trade","SPXW Jan 14, 2025 $5,865.00 Call",-1,"0.00","1879.44","Jan 14, 2025"
"SPXW250114C05860000","18.05","Trade","SPXW Jan 14, 2025 $5,860.00 Call",-1,"0.00","1804.44","Jan 14, 2025"
"SPXW250114C05860000","21.90","Trade","SPXW Jan 14, 2025 $5,860.00 Call",1,"0.70","-2191.26","Jan 14, 2025"
"SPXW250114C05865000","15.60","Trade","SPXW Jan 14, 2025 $5,865.00 Call",1,"0.70","-1561.26","Jan 14, 2025"
"SPY250113C00583000","0.20","Trade","SPY Jan 13, 2025 $583.00 Call",1,"0.00","-20.10","Jan 13, 2025"
"SPY250114P00592000","14.94","Trade","SPY Jan 14, 2025 $592.00 Put",1,"0.00","-1494.10","Jan 13, 2025"
"SPY250113P00571000","0.38","Trade","SPY Jan 13, 2025 $571.00 Put",-1,"0.00","37.88","Jan 13, 2025"
"SPY250113P00569000","0.21","Trade","SPY Jan 13, 2025 $569.00 Put",1,"0.00","-21.10","Jan 13, 2025"
"SPY250113P00571000","0.23","Trade","SPY Jan 13, 2025 $571.00 Put",1,"0.00","-23.10","Jan 13, 2025"
"SPY250113C00583000","0.19","Trade","SPY Jan 13, 2025 $583.00 Call",-1,"0.00","18.88","Jan 13, 2025"
"SPY250113P00569000","0.11","Trade","SPY Jan 13, 2025 $569.00 Put",-1,"0.00","10.88","Jan 13, 2025"
"SPY250114P00590000","12.95","Trade","SPY Jan 14, 2025 $590.00 Put",-1,"0.00","1294.85","Jan 13, 2025"
"RIOT250124P00010000","0.19","Trade","RIOT Jan 24, 2025 $10.00 Put",2,"0.00","-38.20","Jan 13, 2025"
"SPY250113C00581000","0.48","Trade","SPY Jan 13, 2025 $581.00 Call",1,"0.00","-48.10","Jan 13, 2025"
"SPY250113C00581000","0.45","Trade","SPY Jan 13, 2025 $581.00 Call",-1,"0.00","44.88","Jan 13, 2025"
"OXY","52.34","Trade","OXY",-1,"0.00","52.32","Jan 10, 2025"
"ADBE","409.70","Trade","ADBE",-100,"0.00","40968.84","Jan 10, 2025"
"ADBE","411.43","Trade","ADBE",-10,"0.00","4114.17","Jan 10, 2025"
"ADBE","410.42","Trade","ADBE",-50,"0.00","20520.41","Jan 10, 2025"
"ADBE250117P00455000","44.00","Trade","ADBE Jan 17, 2025 $455.00 Put",-1,"0.00","4399.76","Jan 10, 2025"
"ADBE","410.70","Trade","ADBE",-1,"0.00","410.67","Jan 10, 2025"
"ADBE","410.86","Trade","ADBE",-5,"0.00","2054.21","Jan 10, 2025"
"ADBE","411.00","Trade","ADBE",-1,"0.00","410.97","Jan 10, 2025"
"ADBE","411.59","Trade","ADBE",-10,"0.00","4115.77","Jan 10, 2025"
"GLD","248.05","Trade","GLD",-10,"0.00","2480.42","Jan 10, 2025"
"ADBE250117P00455000","43.30","Trade","ADBE Jan 17, 2025 $455.00 Put",-1,"0.00","4329.76","Jan 10, 2025"
"ADBE","412.07","Trade","ADBE",-10,"0.00","4120.56","Jan 10, 2025"
"ADBE","411.20","Trade","ADBE",-10,"0.00","4111.83","Jan 10, 2025"
,,"Option","FXI250110C00031500",1,,"0.00","Jan 10, 2025"
"SPXW250108C05915000","13.50","Trade","SPXW Jan 08, 2025 $5,915.00 Call",1,"0.70","-1351.25","Jan 08, 2025"
"DOW250221P00042500","3.93","Trade","DOW Feb 21, 2025 $42.50 Put",-1,"0.00","392.87","Jan 08, 2025"
"RIOT250124P00010000","0.20","Trade","RIOT Jan 24, 2025 $10.00 Put",-1,"0.00","19.88","Jan 08, 2025"
"SPXW250108C05920000","11.45","Trade","SPXW Jan 08, 2025 $5,920.00 Call",1,"0.70","-1146.25","Jan 08, 2025"
"DOW250117P00042500","3.66","Trade","DOW Jan 17, 2025 $42.50 Put",1,"0.00","-366.10","Jan 08, 2025"
"SPY250110P00592000","6.61","Trade","SPY Jan 10, 2025 $592.00 Put",1,"0.00","-661.10","Jan 08, 2025"
"SPXW250108C05915000","9.65","Trade","SPXW Jan 08, 2025 $5,915.00 Call",1,"0.70","-966.25","Jan 08, 2025"
"SPXW250108C05920000","10.90","Trade","SPXW Jan 08, 2025 $5,920.00 Call",-1,"0.00","1089.45","Jan 08, 2025"
"SPY250114P00592000","7.51","Trade","SPY Jan 14, 2025 $592.00 Put",-1,"0.00","750.86","Jan 08, 2025"
"SPY250110P00590000","5.31","Trade","SPY Jan 10, 2025 $590.00 Put",-1,"0.00","530.87","Jan 08, 2025"
"SPXW250108C05925000","9.15","Trade","SPXW Jan 08, 2025 $5,925.00 Call",-1,"0.00","914.45","Jan 08, 2025"
"SPXW250108C05920000","12.45","Trade","SPXW Jan 08, 2025 $5,920.00 Call",-1,"0.00","1244.45","Jan 08, 2025"
"SPXW250108C05915000","10.97","Trade","SPXW Jan 08, 2025 $5,915.00 Call",-1,"0.00","1096.45","Jan 08, 2025"
"SPY250114P00590000","6.36","Trade","SPY Jan 14, 2025 $590.00 Put",1,"0.00","-636.10","Jan 08, 2025"
"SPXW250108C05925000","10.05","Trade","SPXW Jan 08, 2025 $5,925.00 Call",1,"0.70","-1006.25","Jan 08, 2025"
"SPXW250108C05920000","10.60","Trade","SPXW Jan 08, 2025 $5,920.00 Call",1,"0.70","-1061.25","Jan 08, 2025"
"SPXW250108C05920000","7.55","Trade","SPXW Jan 08, 2025 $5,920.00 Call",-1,"0.00","754.45","Jan 08, 2025"
"SPXW250108C05920000","8.77","Trade","SPXW Jan 08, 2025 $5,920.00 Call",1,"0.70","-878.25","Jan 08, 2025"
"ADBE","460.00","Trade","ADBE",200,"5.00","-92005.00","Jan 08, 2025"
"RIOT250124P00010000","0.21","Trade","RIOT Jan 24, 2025 $10.00 Put",-1,"0.00","20.88","Jan 08, 2025"
"RIOT250110P00010000","0.01","Trade","RIOT Jan 10, 2025 $10.00 Put",1,"0.00","-1.10","Jan 08, 2025"
"RIOT250110P00009500","0.01","Trade","RIOT Jan 10, 2025 $9.50 Put",1,"0.00","-1.10","Jan 08, 2025"
"SPXW250108C05915000","13.10","Trade","SPXW Jan 08, 2025 $5,915.00 Call",-1,"0.00","1309.45","Jan 08, 2025"
,,"Option","ADBE250117P00460000",2,,"0.00","Jan 08, 2025"
"SLV250207C00029000","0.30","Trade","SLV Feb 07, 2025 $29.00 Call",-1,"0.00","29.88","Jan 07, 2025"
"IBIT250124P00050000","0.64","Trade","IBIT Jan 24, 2025 $50.00 Put",-1,"0.00","63.88","Jan 07, 2025"
"SLV250131C00028500","0.32","Trade","SLV Jan 31, 2025 $28.50 Call",-1,"0.00","31.88","Jan 07, 2025"
"IBIT250117C00070000","0.05","Trade","IBIT Jan 17, 2025 $70.00 Call",2,"0.00","-10.20","Jan 07, 2025"
"IBIT250117C00057000","0.98","Trade","IBIT Jan 17, 2025 $57.00 Call",-1,"0.00","97.88","Jan 07, 2025"
"IBIT250321P00040000","0.81","Trade","IBIT Mar 21, 2025 $40.00 Put",1,"0.00","-81.10","Jan 07, 2025"
"IBIT250117P00050000","0.26","Trade","IBIT Jan 17, 2025 $50.00 Put",2,"0.00","-52.20","Jan 07, 2025"
"IBIT250117C00069000","0.05","Trade","IBIT Jan 17, 2025 $69.00 Call",-2,"0.00","9.78","Jan 07, 2025"
"IBIT250516P00039000","1.53","Trade","IBIT May 16, 2025 $39.00 Put",1,"0.00","-153.10","Jan 07, 2025"
"IBIT250124C00060000","1.17","Trade","IBIT Jan 24, 2025 $60.00 Call",1,"0.00","-117.10","Jan 07, 2025"
"IBIT250124C00060000","1.71","Trade","IBIT Jan 24, 2025 $60.00 Call",-1,"0.00","170.88","Jan 06, 2025"
"IBIT250117C00059000","1.32","Trade","IBIT Jan 17, 2025 $59.00 Call",1,"0.00","-132.10","Jan 06, 2025"
"F250207P00010500","0.78","Trade","F Feb 07, 2025 $10.50 Put",-1,"0.00","77.88","Jan 06, 2025"
"SLV250124C00028000","0.29","Trade","SLV Jan 24, 2025 $28.00 Call",1,"0.00","-29.10","Jan 06, 2025"
"SPXW250106P05975000","3.65","Trade","SPXW Jan 06, 2025 $5,975.00 Put",1,"0.70","-366.25","Jan 06, 2025"
"F250110P00010500","0.60","Trade","F Jan 10, 2025 $10.50 Put",1,"0.00","-60.10","Jan 06, 2025"
"IBIT250117C00059000","0.90","Trade","IBIT Jan 17, 2025 $59.00 Call",-1,"0.00","89.88","Jan 06, 2025"
"SPXW250106P05970000","2.65","Trade","SPXW Jan 06, 2025 $5,970.00 Put",1,"0.70","-266.25","Jan 06, 2025"
"SPXW250106P05970000","1.75","Trade","SPXW Jan 06, 2025 $5,970.00 Put",-1,"0.00","174.45","Jan 06, 2025"
"IBIT250124C00060000","2.20","Trade","IBIT Jan 24, 2025 $60.00 Call",-1,"0.00","219.88","Jan 06, 2025"
"IBIT250110C00058500","1.24","Trade","IBIT Jan 10, 2025 $58.50 Call",1,"0.00","-124.10","Jan 06, 2025"
"SPXW250106P05975000","5.05","Trade","SPXW Jan 06, 2025 $5,975.00 Put",-1,"0.00","504.45","Jan 06, 2025"
"TXN","187.89","Trade","TXN",-600,"0.00","112730.76","Jan 03, 2025"
"TLT","87.42","Trade","TLT",-31,"0.00","2709.93","Jan 03, 2025"
"UBER250117P00062500","0.66","Trade","UBER Jan 17, 2025 $62.50 Put",1,"0.00","-66.10","Jan 03, 2025"
"TXN250110P00190000","3.80","Trade","TXN Jan 10, 2025 $190.00 Put",-6,"0.00","2279.31","Jan 03, 2025"
"UBER250117P00060000","0.24","Trade","UBER Jan 17, 2025 $60.00 Put",-1,"0.00","23.88","Jan 03, 2025"
,,"Option","IBIT250103C00057000",1,,"0.00","Jan 03, 2025"
"QSR",,"Dividend","***RESTAURANT BRANDS",0,,"0.58","Jan 03, 2025"
"QSR",,"Dividend","***RESTAURANT BRANDS",0,,"-0.09","Jan 03, 2025"
,,"Transfer","Jan Pro Subscription",0,,"-10.00","Jan 03, 2025"
"SAVA250620P00002500","0.89","Trade","SAVA Jun 20, 2025 $2.50 Put",1,"0.00","-89.10","Jan 02, 2025"
"SLV250124C00028000","0.26","Trade","SLV Jan 24, 2025 $28.00 Call",1,"0.00","-26.10","Jan 02, 2025"
"TXN","200.00","Trade","TXN",600,"5.00","-120005.00","Jan 02, 2025"
,,"Option","TXN250110P00200000",6,,"0.00","Jan 02, 2025"